{
  "AlveolarOsteitis": {
    "low_medium": 0.036036,
    "medium_high": 0.07721999999999998
  },
  "SecondaryInfection": {
    "low_medium": 0.020475000000000004,
    "medium_high": 0.052500000000000005
  },
  "NerveDysesthesia": {
    "low_medium": 0.000594,
    "medium_high": 0.0027215999999999994
  },
  "Bleeding": {
    "low_medium": 0.00315,
    "medium_high": 0.00735
  }
}