paradigm,beta_L,beta_Q,seed,federated_method,fedprox_mu,f1_global_macro,f1_per_client_macro,mse_macro,ece_macro,F1_global_AlveolarOsteitis,F1_per_client_AlveolarOsteitis,MSE_AlveolarOsteitis,ECE_AlveolarOsteitis,F1_global_SecondaryInfection,F1_per_client_SecondaryInfection,MSE_SecondaryInfection,ECE_SecondaryInfection,F1_global_NerveDysesthesia,F1_per_client_NerveDysesthesia,MSE_NerveDysesthesia,ECE_NerveDysesthesia,F1_global_Bleeding,F1_per_client_Bleeding,MSE_Bleeding,ECE_Bleeding
centralized,0.5,0.5,42,,,0.7605334163959694,0.7726323151355717,0.0002960474944302405,0.002130742903954039,0.8322064067004348,0.8154708190511482,0.0006724014529027045,0.0035357893481850625,0.8246211227902953,0.812936443970132,0.00044685794273391366,0.003375891288121541,0.650150213191146,0.7419354298740424,3.803229265031405e-05,0.0008580605642249187,0.7351559229020013,0.7201865676469646,2.689828943402972e-05,0.0007532304152846336
local,0.5,0.5,42,,,0.41414119998760135,0.4969197035716363,0.04820640288953655,0.09692760072064897,0.5279666328498925,0.5691061722698812,0.029028010717593134,0.07753192004275819,0.4897691084513707,0.5681194087780389,0.07822000504820607,0.12658350579850378,0.2746110046541621,0.4238898373255722,0.04596174886028166,0.09648983995194237,0.36421805399497986,0.4265633959130528,0.039615846932065324,0.08710513708939156
federated,0.5,0.5,42,fedprox,0.001,0.6184733544050632,0.681414055719317,0.0005719188984585344,0.005548663671788138,0.7498373230760412,0.7653048147708894,0.001212173723615706,0.010256185807287693,0.7119036675269473,0.7544733310114564,0.0009605510858818889,0.007997714355587958,0.4037224036466791,0.5940768094320832,6.932343239896e-05,0.001991752489314725,0.6084300233705853,0.6118012676628387,4.5627351937582716e-05,0.0019490020349621773
federated,0.5,0.5,42,fedprox,0.01,0.6101439466809239,0.6761738016454802,0.000601225224272639,0.005389311226434075,0.7474931998993742,0.7525348762384524,0.0012668241979554296,0.009519706477721532,0.7000215018138354,0.7516795621466739,0.001015088870190084,0.007937024153769017,0.3854766213958957,0.5893921425673304,7.615577487740666e-05,0.0021042196789445976,0.6075844636145898,0.6110886256294642,4.683205406763591e-05,0.0019962945953011513
