paradigm,beta_L,beta_Q,seed,MSE_AlveolarOsteitis,ECE_AlveolarOsteitis,MSE_SecondaryInfection,ECE_SecondaryInfection,MSE_NerveDysesthesia,ECE_NerveDysesthesia,MSE_Bleeding,ECE_Bleeding,F1_global_AlveolarOsteitis,F1_per_client_AlveolarOsteitis,F1_global_SecondaryInfection,F1_per_client_SecondaryInfection,F1_global_NerveDysesthesia,F1_per_client_NerveDysesthesia,F1_global_Bleeding,F1_per_client_Bleeding,disagreement_per_client_macro,disagreement_global_macro,fleiss_kappa_per_client_macro,fleiss_kappa_global_macro
centralized,10.0,0.5,42,0.0006724014529027045,0.0035357893481850625,0.00044685794273391366,0.003375891288121541,3.803229265031405e-05,0.0008580605642249187,2.689828943402972e-05,0.0007532304152846336,0.8322064067004348,0.8136124464509759,0.8246211227902953,0.8178645345678168,0.650150213191146,0.7349716313552171,0.7351559229020013,0.7178863080023081,0.279,0.0,0.8414606223459455,1.0
local,10.0,0.5,42,0.002105818293057382,0.008123136165489753,0.0020858294214122,0.00848631187764307,0.00016146510315593333,0.0019578884821385145,8.252005973190535e-05,0.0014555207453668118,,,,,,,,,0.9046666666666667,0.9155833333333334,0.36211643809636973,0.348101617996444
federated,10.0,0.5,42,0.0030549417715519667,0.006230970243612925,0.002764698350802064,0.000611991211771965,0.00020076215150766075,0.0015916097909212112,9.00915838428773e-05,0.0016829157248139381,0.459265956577174,0.5127953546382505,0.3914528145430523,0.5053630397463058,0.22478529428131547,0.23608531919036835,0.271201698028801,0.3033574425646807,0.11499999999999999,0.0,0.9444183379221271,1.0
