paradigm,beta_L,beta_Q,seed,f1_global_macro,f1_per_client_macro,mse_macro,ece_macro,MSE_AlveolarOsteitis,ECE_AlveolarOsteitis,MSE_SecondaryInfection,ECE_SecondaryInfection,MSE_NerveDysesthesia,ECE_NerveDysesthesia,MSE_Bleeding,ECE_Bleeding,F1_global_AlveolarOsteitis,F1_per_client_AlveolarOsteitis,F1_global_SecondaryInfection,F1_per_client_SecondaryInfection,F1_global_NerveDysesthesia,F1_per_client_NerveDysesthesia,F1_global_Bleeding,F1_per_client_Bleeding,disagreement_per_client_macro,disagreement_global_macro,fleiss_kappa_per_client_macro,fleiss_kappa_global_macro
centralized,0.1,0.1,42,0.7605334163959694,0.6087901363560511,0.0002960474944302405,0.002130742903954039,0.0006724014529027045,0.0035357893481850625,0.00044685794273391366,0.003375891288121541,3.803229265031405e-05,0.0008580605642249187,2.689828943402972e-05,0.0007532304152846336,0.8322064067004348,0.62146513743538,0.8246211227902953,0.6563527508762669,0.650150213191146,0.5685708971801987,0.7351559229020013,0.5887717599323588,0.7446666666666666,0.0,0.4832966589112237,1.0
local,0.1,0.1,42,0.34142679223196143,0.4129076253444866,0.06811060355549772,0.15007058387996491,0.0661073364964169,0.15678767231920804,0.0478412888219787,0.13197276456536794,0.051843509813705974,0.12932456259098318,0.1066502790898893,0.18219733604430047,0.4038576358162747,0.455846766955186,0.38142994561748295,0.4403110012112768,0.2547686738038504,0.3618448494913976,0.3256509136902377,0.3936278837200862,0.9996666666666667,0.9976666666666667,0.15690038851264435,0.10391571530577223
federated,0.1,0.1,42,0.621722037308921,0.5903219186021806,0.0005818839008497889,0.007004906852108737,0.001423876965418458,0.01842342222109437,0.00079998659202829,0.00662992881735166,6.119585304986686e-05,0.0007230108603835106,4.247619290254079e-05,0.0022432655096054077,0.7132009649285583,0.6135446941664061,0.7339184718974535,0.6383123124788017,0.4391184967203448,0.5433927165435947,0.6006502156893272,0.5660379512199202,0.7279166666666667,0.0,0.4839341984355038,1.0
