{
  "AlveolarOsteitis": {
    "low_medium": 0.0464,
    "medium_high": 0.1044
  },
  "SecondaryInfection": {
    "low_medium": 0.020475000000000004,
    "medium_high": 0.047775
  },
  "NerveDysesthesia": {
    "low_medium": 0.0008747999999999999,
    "medium_high": 0.005940000000000001
  },
  "Bleeding": {
    "low_medium": 0.003,
    "medium_high": 0.007
  },
  "_partition_metadata": {
    "beta": 0.1,
    "label_column": "Risk_Category_Composite",
    "iid_type": "non-iid",
    "heterogeneity_metrics": {
      "label_entropy_per_client": 0.3343228393965631,
      "label_entropy_global": 1.3623192760251113,
      "client_label_diversity": 1.8888888888888888,
      "label_imbalance_ratio": 8832.666666666666
    },
    "beta_qty": 10.0,
    "quantity_skew_metrics": {
      "min_size": 2286,
      "max_size": 6057,
      "mean_size": 5000.0,
      "std_size": 1035.940442303514,
      "coefficient_of_variation": 0.20718808846070277,
      "imbalance_ratio": 2.6496062992125986,
      "gini_coefficient": 0.10282799999999992
    }
  }
}