{
  "AlveolarOsteitis": {
    "low_medium": 0.0464,
    "medium_high": 0.1044
  },
  "SecondaryInfection": {
    "low_medium": 0.020475000000000004,
    "medium_high": 0.047775
  },
  "NerveDysesthesia": {
    "low_medium": 0.0008747999999999999,
    "medium_high": 0.005940000000000001
  },
  "Bleeding": {
    "low_medium": 0.003,
    "medium_high": 0.007
  },
  "_partition_metadata": {
    "beta": 0.1,
    "label_column": "Risk_Category_Composite",
    "iid_type": "non-iid",
    "heterogeneity_metrics": {
      "label_entropy_per_client": 0.3343228393965631,
      "label_entropy_global": 1.3623192760251113,
      "client_label_diversity": 1.8888888888888888,
      "label_imbalance_ratio": 8832.666666666666
    },
    "beta_qty": 0.1,
    "quantity_skew_metrics": {
      "min_size": 4,
      "max_size": 15183,
      "mean_size": 5555.555555555556,
      "std_size": 5626.760645169181,
      "coefficient_of_variation": 1.0128169161304525,
      "imbalance_ratio": 3795.75,
      "gini_coefficient": 0.54592
    }
  }
}