{
  "AlveolarOsteitis": {
    "low_medium": 0.0464,
    "medium_high": 0.1044
  },
  "SecondaryInfection": {
    "low_medium": 0.020475000000000004,
    "medium_high": 0.047775
  },
  "NerveDysesthesia": {
    "low_medium": 0.0008747999999999999,
    "medium_high": 0.005940000000000001
  },
  "Bleeding": {
    "low_medium": 0.003,
    "medium_high": 0.007
  },
  "_partition_metadata": {
    "beta": 0.5,
    "label_column": "Risk_Category_Composite",
    "iid_type": "non-iid",
    "heterogeneity_metrics": {
      "label_entropy_per_client": 0.7687543307598014,
      "label_entropy_global": 1.3623192760251113,
      "client_label_diversity": 2.8,
      "label_imbalance_ratio": 4990.787037037037
    },
    "beta_qty": 0.5,
    "quantity_skew_metrics": {
      "min_size": 100,
      "max_size": 11483,
      "mean_size": 5000.0,
      "std_size": 3759.8310866314196,
      "coefficient_of_variation": 0.7519662173262839,
      "imbalance_ratio": 114.83,
      "gini_coefficient": 0.42581999999999987
    }
  }
}