{
  "AlveolarOsteitis": {
    "low_medium": 0.0340704,
    "medium_high": 0.08112000000000001
  },
  "SecondaryInfection": {
    "low_medium": 0.0273,
    "medium_high": 0.06125
  },
  "NerveDysesthesia": {
    "low_medium": 0.0008100000000000001,
    "medium_high": 0.004725000000000001
  },
  "Bleeding": {
    "low_medium": 0.00399,
    "medium_high": 0.0105
  }
}