{
  "AlveolarOsteitis": {
    "low_medium": 0.0340704,
    "medium_high": 0.07665840000000002
  },
  "SecondaryInfection": {
    "low_medium": 0.0189,
    "medium_high": 0.047775
  },
  "NerveDysesthesia": {
    "low_medium": 0.00042767999999999994,
    "medium_high": 0.002376
  },
  "Bleeding": {
    "low_medium": 0.003,
    "medium_high": 0.00735
  }
}